station,temp,rain,wind_speed,wind_direction
moro,11.0,1.0,--,0 °
apaseoalto,18.0,0.0,11.0,NE 40 °
atarjea,18.0,1.0,2.0,ENE 66 °
doctormora,15.0,0.0,14.0,NNE 30 °
villalpando,11.0,0.0,6.0,NE 55 °
silaocepc44,18.0,0.3,2.0,ESE 123 °
tierrablanca,18.0,0.0,10.0,E 100 °
xichu,18.0,0.0,--,0 °
elalamo,18.0,0.0,5.0,ESE 103 °
arreguin,15.0,0.0,7.0,NNW 335 °
capulines,18.0,0.0,6.0,ESE 115 °
pccelaya,19.0,0.0,9.0,E 85 °
enmsi,19.0,1.4,2.0,NNE 30 °
paxtle,17.2,0.0,8.7,--
pcsilao,18.9,174.8,0.6,S
